Source IP,Destination IP,Protocol,Packet Length
10.0.2.15,142.250.143.113,ICMP,98
142.250.143.113,10.0.2.15,ICMP,98
10.0.2.15,142.250.143.113,ICMP,98
142.250.143.113,10.0.2.15,ICMP,98
10.0.2.15,142.250.143.113,ICMP,98
142.250.143.113,10.0.2.15,ICMP,98
10.0.2.15,142.250.143.113,ICMP,98
142.250.143.113,10.0.2.15,ICMP,98
10.0.2.15,142.250.143.113,ICMP,98
142.250.143.113,10.0.2.15,ICMP,98
10.0.2.15,142.250.143.113,ICMP,98
142.250.143.113,10.0.2.15,ICMP,98
10.0.2.15,142.250.143.113,ICMP,98
142.250.143.113,10.0.2.15,ICMP,98
10.0.2.15,142.250.143.113,ICMP,98
142.250.143.113,10.0.2.15,ICMP,98
10.0.2.15,142.250.143.113,ICMP,98
142.250.143.113,10.0.2.15,ICMP,98
10.0.2.15,142.250.143.113,ICMP,98
142.250.143.113,10.0.2.15,ICMP,98
10.0.2.15,142.250.143.113,ICMP,98
142.250.143.113,10.0.2.15,ICMP,98
10.0.2.15,142.250.143.113,ICMP,98
142.250.143.113,10.0.2.15,ICMP,98
10.0.2.15,142.250.143.113,ICMP,98
142.250.143.113,10.0.2.15,ICMP,98
10.0.2.15,142.250.143.113,ICMP,98
142.250.143.113,10.0.2.15,ICMP,98
10.0.2.15,142.250.143.113,ICMP,98
142.250.143.113,10.0.2.15,ICMP,98
10.0.2.15,142.250.143.113,ICMP,98
142.250.143.113,10.0.2.15,ICMP,98
10.0.2.15,142.250.143.113,ICMP,98
142.250.143.113,10.0.2.15,ICMP,98
10.0.2.15,142.250.143.113,ICMP,98
142.250.143.113,10.0.2.15,ICMP,98
10.0.2.15,142.250.143.113,ICMP,98
142.250.143.113,10.0.2.15,ICMP,98
10.0.2.15,142.250.143.113,ICMP,98
142.250.143.113,10.0.2.15,ICMP,98
10.0.2.15,142.250.143.113,ICMP,98
142.250.143.113,10.0.2.15,ICMP,98
10.0.2.15,142.250.143.113,ICMP,98
142.250.143.113,10.0.2.15,ICMP,98
10.0.2.15,142.250.143.113,ICMP,98
142.250.143.113,10.0.2.15,ICMP,98
10.0.2.15,142.250.143.113,ICMP,98
142.250.143.113,10.0.2.15,ICMP,98
10.0.2.15,142.250.143.113,ICMP,98
142.250.143.113,10.0.2.15,ICMP,98
10.0.2.15,142.250.143.113,ICMP,98
142.250.143.113,10.0.2.15,ICMP,98
10.0.2.15,142.250.143.113,ICMP,98
142.250.143.113,10.0.2.15,ICMP,98
10.0.2.15,142.250.143.113,ICMP,98
142.250.143.113,10.0.2.15,ICMP,98
10.0.2.15,142.250.143.113,ICMP,98
142.250.143.113,10.0.2.15,ICMP,98
10.0.2.15,142.250.143.113,ICMP,98
142.250.143.113,10.0.2.15,ICMP,98
10.0.2.15,142.250.143.113,ICMP,98
142.250.143.113,10.0.2.15,ICMP,98
10.0.2.15,142.250.143.113,ICMP,98
142.250.143.113,10.0.2.15,ICMP,98
10.0.2.15,142.250.143.113,ICMP,98
142.250.143.113,10.0.2.15,ICMP,98
10.0.2.15,142.250.143.113,ICMP,98
142.250.143.113,10.0.2.15,ICMP,98
10.0.2.15,142.250.143.113,ICMP,98
142.250.143.113,10.0.2.15,ICMP,98
10.0.2.15,142.250.143.113,ICMP,98
142.250.143.113,10.0.2.15,ICMP,98
10.0.2.15,142.250.143.113,ICMP,98
142.250.143.113,10.0.2.15,ICMP,98
10.0.2.15,142.250.143.113,ICMP,98
142.250.143.113,10.0.2.15,ICMP,98
10.0.2.15,142.250.143.113,ICMP,98
142.250.143.113,10.0.2.15,ICMP,98
10.0.2.15,142.250.143.113,ICMP,98
142.250.143.113,10.0.2.15,ICMP,98
10.0.2.15,142.250.143.113,ICMP,98
142.250.143.113,10.0.2.15,ICMP,98
10.0.2.15,142.250.143.113,ICMP,98
142.250.143.113,10.0.2.15,ICMP,98
10.0.2.15,142.250.143.113,ICMP,98
142.250.143.113,10.0.2.15,ICMP,98
10.0.2.15,142.250.143.113,ICMP,98
142.250.143.113,10.0.2.15,ICMP,98
10.0.2.15,142.250.143.113,ICMP,98
142.250.143.113,10.0.2.15,ICMP,98
10.0.2.15,142.250.143.113,ICMP,98
142.250.143.113,10.0.2.15,ICMP,98
10.0.2.15,142.250.143.113,ICMP,98
142.250.143.113,10.0.2.15,ICMP,98
10.0.2.15,142.250.143.113,ICMP,98
142.250.143.113,10.0.2.15,ICMP,98
10.0.2.15,142.250.143.113,ICMP,98
142.250.143.113,10.0.2.15,ICMP,98
10.0.2.15,142.250.143.113,ICMP,98
142.250.143.113,10.0.2.15,ICMP,98
10.0.2.15,142.250.143.113,ICMP,98
142.250.143.113,10.0.2.15,ICMP,98
10.0.2.15,142.250.143.113,ICMP,98
142.250.143.113,10.0.2.15,ICMP,98
10.0.2.15,142.250.143.113,ICMP,98
142.250.143.113,10.0.2.15,ICMP,98
10.0.2.15,142.250.143.113,ICMP,98
142.250.143.113,10.0.2.15,ICMP,98
10.0.2.15,142.250.143.113,ICMP,98
142.250.143.113,10.0.2.15,ICMP,98
10.0.2.15,142.250.143.113,ICMP,98
142.250.143.113,10.0.2.15,ICMP,98
10.0.2.15,142.250.143.113,ICMP,98
142.250.143.113,10.0.2.15,ICMP,98
10.0.2.15,142.250.143.113,ICMP,98
142.250.143.113,10.0.2.15,ICMP,98
10.0.2.15,142.250.143.113,ICMP,98
142.250.143.113,10.0.2.15,ICMP,98
10.0.2.15,142.250.143.113,ICMP,98
142.250.143.113,10.0.2.15,ICMP,98
10.0.2.15,142.250.143.113,ICMP,98
142.250.143.113,10.0.2.15,ICMP,98
10.0.2.15,142.250.143.113,ICMP,98
142.250.143.113,10.0.2.15,ICMP,98
10.0.2.15,142.250.143.113,ICMP,98
142.250.143.113,10.0.2.15,ICMP,98
10.0.2.15,142.250.143.113,ICMP,98
142.250.143.113,10.0.2.15,ICMP,98
10.0.2.15,142.250.143.113,ICMP,98
142.250.143.113,10.0.2.15,ICMP,98
10.0.2.15,142.250.143.113,ICMP,98
142.250.143.113,10.0.2.15,ICMP,98
10.0.2.15,142.250.143.113,ICMP,98
142.250.143.113,10.0.2.15,ICMP,98
10.0.2.15,142.250.143.113,ICMP,98
142.250.143.113,10.0.2.15,ICMP,98
10.0.2.15,142.250.143.113,ICMP,98
142.250.143.113,10.0.2.15,ICMP,98
10.0.2.15,142.250.143.113,ICMP,98
142.250.143.113,10.0.2.15,ICMP,98
10.0.2.15,142.250.143.113,ICMP,98
142.250.143.113,10.0.2.15,ICMP,98
10.0.2.15,142.250.143.113,ICMP,98
142.250.143.113,10.0.2.15,ICMP,98
10.0.2.15,142.250.143.113,ICMP,98
142.250.143.113,10.0.2.15,ICMP,98
10.0.2.15,142.250.143.113,ICMP,98
142.250.143.113,10.0.2.15,ICMP,98
10.0.2.15,142.250.143.113,ICMP,98
142.250.143.113,10.0.2.15,ICMP,98
10.0.2.15,142.250.143.113,ICMP,98
142.250.143.113,10.0.2.15,ICMP,98
10.0.2.15,142.250.143.113,ICMP,98
142.250.143.113,10.0.2.15,ICMP,98
10.0.2.15,142.250.143.113,ICMP,98
142.250.143.113,10.0.2.15,ICMP,98
10.0.2.15,142.250.143.113,ICMP,98
142.250.143.113,10.0.2.15,ICMP,98
10.0.2.15,142.250.143.113,ICMP,98
142.250.143.113,10.0.2.15,ICMP,98
10.0.2.15,142.250.143.113,ICMP,98
142.250.143.113,10.0.2.15,ICMP,98
10.0.2.15,142.250.143.113,ICMP,98
142.250.143.113,10.0.2.15,ICMP,98
10.0.2.15,142.250.143.113,ICMP,98
142.250.143.113,10.0.2.15,ICMP,98
10.0.2.15,142.250.143.113,ICMP,98
142.250.143.113,10.0.2.15,ICMP,98
10.0.2.15,142.250.143.113,ICMP,98
142.250.143.113,10.0.2.15,ICMP,98
10.0.2.15,142.250.143.113,ICMP,98
142.250.143.113,10.0.2.15,ICMP,98
10.0.2.15,142.250.143.113,ICMP,98
142.250.143.113,10.0.2.15,ICMP,98
10.0.2.15,142.250.143.113,ICMP,98
142.250.143.113,10.0.2.15,ICMP,98
10.0.2.15,142.250.143.113,ICMP,98
142.250.143.113,10.0.2.15,ICMP,98
10.0.2.15,142.250.143.113,ICMP,98
142.250.143.113,10.0.2.15,ICMP,98
10.0.2.15,142.250.143.113,ICMP,98
142.250.143.113,10.0.2.15,ICMP,98
10.0.2.15,142.250.143.113,ICMP,98
142.250.143.113,10.0.2.15,ICMP,98
10.0.2.15,142.250.143.113,ICMP,98
142.250.143.113,10.0.2.15,ICMP,98
10.0.2.15,142.250.143.113,ICMP,98
142.250.143.113,10.0.2.15,ICMP,98
